{
    "positive_mean": 1.7656586170196533,
    "positive_p95": 3.7906360626220703,
    "negative_mean": 3.226766347885132,
    "negative_p05": 1.799454927444458,
    "threshold": 2.795045495033264
}